54284,5428*,542**,54***,5****,*****
25183,2518*,251**,25***,2****,*****
56078,5607*,560**,56***,5****,*****
95427,9542*,954**,95***,9****,*****
86792,8679*,867**,86***,8****,*****
18548,1854*,185**,18***,1****,*****
86726,8672*,867**,86***,8****,*****
92424,9242*,924**,92***,9****,*****
74820,7482*,748**,74***,7****,*****
67888,6788*,678**,67***,6****,*****
44844,4484*,448**,44***,4****,*****
35871,3587*,358**,35***,3****,*****
99898,9989*,998**,99***,9****,*****
12760,1276*,127**,12***,1****,*****
12584,1258*,125**,12***,1****,*****
42200,4220*,422**,42***,4****,*****
21197,2119*,211**,21***,2****,*****
95340,9534*,953**,95***,9****,*****
73548,7354*,735**,73***,7****,*****
78242,7824*,782**,78***,7****,*****
35775,3577*,357**,35***,3****,*****
85837,8583*,858**,85***,8****,*****
86569,8656*,865**,86***,8****,*****
44866,4486*,448**,44***,4****,*****
22238,2223*,222**,22***,2****,*****
78190,7819*,781**,78***,7****,*****
89108,8910*,891**,89***,8****,*****
89932,8993*,899**,89***,8****,*****
38268,3826*,382**,38***,3****,*****
31824,3182*,318**,31***,3****,*****
30014,3001*,300**,30***,3****,*****
48009,4800*,480**,48***,4****,*****
78698,7869*,786**,78***,7****,*****
22856,2285*,228**,22***,2****,*****
37463,3746*,374**,37***,3****,*****
61503,6150*,615**,61***,6****,*****
82793,8279*,827**,82***,8****,*****
95192,9519*,951**,95***,9****,*****
12365,1236*,123**,12***,1****,*****
11411,1141*,114**,11***,1****,*****
38593,3859*,385**,38***,3****,*****
28718,2871*,287**,28***,2****,*****
83720,8372*,837**,83***,8****,*****
79024,7902*,790**,79***,7****,*****
26741,2674*,267**,26***,2****,*****
83482,8348*,834**,83***,8****,*****
34686,3468*,346**,34***,3****,*****
15677,1567*,156**,15***,1****,*****
50385,5038*,503**,50***,5****,*****
75623,7562*,756**,75***,7****,*****
53446,5344*,534**,53***,5****,*****
55301,5530*,553**,55***,5****,*****
37360,3736*,373**,37***,3****,*****
75146,7514*,751**,75***,7****,*****
21059,2105*,210**,21***,2****,*****
44514,4451*,445**,44***,4****,*****
64357,6435*,643**,64***,6****,*****
56789,5678*,567**,56***,5****,*****
61551,6155*,615**,61***,6****,*****
79904,7990*,799**,79***,7****,*****
83819,8381*,838**,83***,8****,*****
41812,4181*,418**,41***,4****,*****
73255,7325*,732**,73***,7****,*****
60610,6061*,606**,60***,6****,*****
24368,2436*,243**,24***,2****,*****
33433,3343*,334**,33***,3****,*****
83383,8338*,833**,83***,8****,*****
38935,3893*,389**,38***,3****,*****
34618,3461*,346**,34***,3****,*****
13787,1378*,137**,13***,1****,*****
71032,7103*,710**,71***,7****,*****
81116,8111*,811**,81***,8****,*****
95821,9582*,958**,95***,9****,*****
69470,6947*,694**,69***,6****,*****
67364,6736*,673**,67***,6****,*****
96703,9670*,967**,96***,9****,*****
27177,2717*,271**,27***,2****,*****
48258,4825*,482**,48***,4****,*****
20759,2075*,207**,20***,2****,*****
79143,7914*,791**,79***,7****,*****
14987,1498*,149**,14***,1****,*****
15044,1504*,150**,15***,1****,*****
60451,6045*,604**,60***,6****,*****
11624,1162*,116**,11***,1****,*****
59160,5916*,591**,59***,5****,*****
97219,9721*,972**,97***,9****,*****
36147,3614*,361**,36***,3****,*****
68078,6807*,680**,68***,6****,*****
10645,1064*,106**,10***,1****,*****
55902,5590*,559**,55***,5****,*****
89305,8930*,893**,89***,8****,*****
97626,9762*,976**,97***,9****,*****
53056,5305*,530**,53***,5****,*****
11629,1162*,116**,11***,1****,*****
73624,7362*,736**,73***,7****,*****
32582,3258*,325**,32***,3****,*****
54080,5408*,540**,54***,5****,*****
98590,9859*,985**,98***,9****,*****
88756,8875*,887**,88***,8****,*****
96327,9632*,963**,96***,9****,*****
12531,1253*,125**,12***,1****,*****
52188,5218*,521**,52***,5****,*****
39079,3907*,390**,39***,3****,*****
19707,1970*,197**,19***,1****,*****
24698,2469*,246**,24***,2****,*****
65532,6553*,655**,65***,6****,*****
84294,8429*,842**,84***,8****,*****
22162,2216*,221**,22***,2****,*****
43678,4367*,436**,43***,4****,*****
40798,4079*,407**,40***,4****,*****
73324,7332*,733**,73***,7****,*****
53891,5389*,538**,53***,5****,*****
22389,2238*,223**,22***,2****,*****
72460,7246*,724**,72***,7****,*****
63411,6341*,634**,63***,6****,*****
98550,9855*,985**,98***,9****,*****
44132,4413*,441**,44***,4****,*****
22414,2241*,224**,22***,2****,*****
84401,8440*,844**,84***,8****,*****
79727,7972*,797**,79***,7****,*****
96574,9657*,965**,96***,9****,*****
37804,3780*,378**,37***,3****,*****
36280,3628*,362**,36***,3****,*****
79107,7910*,791**,79***,7****,*****
99384,9938*,993**,99***,9****,*****
93236,9323*,932**,93***,9****,*****
10804,1080*,108**,10***,1****,*****
93946,9394*,939**,93***,9****,*****
69105,6910*,691**,69***,6****,*****
25260,2526*,252**,25***,2****,*****
18391,1839*,183**,18***,1****,*****
95436,9543*,954**,95***,9****,*****
26750,2675*,267**,26***,2****,*****
40799,4079*,407**,40***,4****,*****
75058,7505*,750**,75***,7****,*****
89504,8950*,895**,89***,8****,*****
96773,9677*,967**,96***,9****,*****
51128,5112*,511**,51***,5****,*****
42760,4276*,427**,42***,4****,*****
51902,5190*,519**,51***,5****,*****
66639,6663*,666**,66***,6****,*****
21126,2112*,211**,21***,2****,*****
59758,5975*,597**,59***,5****,*****
38425,3842*,384**,38***,3****,*****
92577,9257*,925**,92***,9****,*****
40099,4009*,400**,40***,4****,*****
74984,7498*,749**,74***,7****,*****
98527,9852*,985**,98***,9****,*****
90639,9063*,906**,90***,9****,*****
87487,8748*,874**,87***,8****,*****
78103,7810*,781**,78***,7****,*****
47850,4785*,478**,47***,4****,*****
24180,2418*,241**,24***,2****,*****
11154,1115*,111**,11***,1****,*****
26500,2650*,265**,26***,2****,*****
26794,2679*,267**,26***,2****,*****
69504,6950*,695**,69***,6****,*****
23546,2354*,235**,23***,2****,*****
80872,8087*,808**,80***,8****,*****
36757,3675*,367**,36***,3****,*****
80759,8075*,807**,80***,8****,*****
86492,8649*,864**,86***,8****,*****
96240,9624*,962**,96***,9****,*****
66251,6625*,662**,66***,6****,*****
68428,6842*,684**,68***,6****,*****
58463,5846*,584**,58***,5****,*****
82127,8212*,821**,82***,8****,*****
80259,8025*,802**,80***,8****,*****
20071,2007*,200**,20***,2****,*****
14699,1469*,146**,14***,1****,*****
67345,6734*,673**,67***,6****,*****
75385,7538*,753**,75***,7****,*****
87403,8740*,874**,87***,8****,*****
50003,5000*,500**,50***,5****,*****
66042,6604*,660**,66***,6****,*****
78731,7873*,787**,78***,7****,*****
67941,6794*,679**,67***,6****,*****
18872,1887*,188**,18***,1****,*****
89552,8955*,895**,89***,8****,*****
90553,9055*,905**,90***,9****,*****
61815,6181*,618**,61***,6****,*****
30647,3064*,306**,30***,3****,*****
76325,7632*,763**,76***,7****,*****
44528,4452*,445**,44***,4****,*****
76009,7600*,760**,76***,7****,*****
45562,4556*,455**,45***,4****,*****
66483,6648*,664**,66***,6****,*****
16663,1666*,166**,16***,1****,*****
33695,3369*,336**,33***,3****,*****
98503,9850*,985**,98***,9****,*****
88794,8879*,887**,88***,8****,*****
85498,8549*,854**,85***,8****,*****
19700,1970*,197**,19***,1****,*****
77158,7715*,771**,77***,7****,*****
32275,3227*,322**,32***,3****,*****
60907,6090*,609**,60***,6****,*****
82586,8258*,825**,82***,8****,*****
21030,2103*,210**,21***,2****,*****
65107,6510*,651**,65***,6****,*****
71942,7194*,719**,71***,7****,*****
70702,7070*,707**,70***,7****,*****
85883,8588*,858**,85***,8****,*****
68768,6876*,687**,68***,6****,*****
82383,8238*,823**,82***,8****,*****
96958,9695*,969**,96***,9****,*****
94270,9427*,942**,94***,9****,*****
98347,9834*,983**,98***,9****,*****
27742,2774*,277**,27***,2****,*****
25028,2502*,250**,25***,2****,*****
13486,1348*,134**,13***,1****,*****
99952,9995*,999**,99***,9****,*****
25715,2571*,257**,25***,2****,*****
46578,4657*,465**,46***,4****,*****
84177,8417*,841**,84***,8****,*****
55407,5540*,554**,55***,5****,*****
43141,4314*,431**,43***,4****,*****
14234,1423*,142**,14***,1****,*****
19778,1977*,197**,19***,1****,*****
67535,6753*,675**,67***,6****,*****
47551,4755*,475**,47***,4****,*****
85615,8561*,856**,85***,8****,*****
72640,7264*,726**,72***,7****,*****
15115,1511*,151**,15***,1****,*****
32789,3278*,327**,32***,3****,*****
30990,3099*,309**,30***,3****,*****
45633,4563*,456**,45***,4****,*****
69328,6932*,693**,69***,6****,*****
38317,3831*,383**,38***,3****,*****
29807,2980*,298**,29***,2****,*****
97808,9780*,978**,97***,9****,*****
85245,8524*,852**,85***,8****,*****
18747,1874*,187**,18***,1****,*****
17038,1703*,170**,17***,1****,*****
67952,6795*,679**,67***,6****,*****
48086,4808*,480**,48***,4****,*****
46921,4692*,469**,46***,4****,*****
22273,2227*,222**,22***,2****,*****
88689,8868*,886**,88***,8****,*****
28733,2873*,287**,28***,2****,*****
57550,5755*,575**,57***,5****,*****
77119,7711*,771**,77***,7****,*****
14496,1449*,144**,14***,1****,*****
97000,9700*,970**,97***,9****,*****
60287,6028*,602**,60***,6****,*****
61882,6188*,618**,61***,6****,*****
56855,5685*,568**,56***,5****,*****
42590,4259*,425**,42***,4****,*****
29125,2912*,291**,29***,2****,*****
92193,9219*,921**,92***,9****,*****
73953,7395*,739**,73***,7****,*****
93240,9324*,932**,93***,9****,*****
12908,1290*,129**,12***,1****,*****
14768,1476*,147**,14***,1****,*****
92946,9294*,929**,92***,9****,*****
15398,1539*,153**,15***,1****,*****
65500,6550*,655**,65***,6****,*****
76302,7630*,763**,76***,7****,*****
87956,8795*,879**,87***,8****,*****
80663,8066*,806**,80***,8****,*****
22717,2271*,227**,22***,2****,*****
84489,8448*,844**,84***,8****,*****
74664,7466*,746**,74***,7****,*****
22436,2243*,224**,22***,2****,*****
36473,3647*,364**,36***,3****,*****
34022,3402*,340**,34***,3****,*****
35719,3571*,357**,35***,3****,*****
47013,4701*,470**,47***,4****,*****
75773,7577*,757**,75***,7****,*****
82307,8230*,823**,82***,8****,*****
17744,1774*,177**,17***,1****,*****
67398,6739*,673**,67***,6****,*****
35118,3511*,351**,35***,3****,*****
81968,8196*,819**,81***,8****,*****
69770,6977*,697**,69***,6****,*****
29483,2948*,294**,29***,2****,*****
86994,8699*,869**,86***,8****,*****
94424,9442*,944**,94***,9****,*****
65017,6501*,650**,65***,6****,*****
92958,9295*,929**,92***,9****,*****
73702,7370*,737**,73***,7****,*****
64451,6445*,644**,64***,6****,*****
59442,5944*,594**,59***,5****,*****
13997,1399*,139**,13***,1****,*****
53947,5394*,539**,53***,5****,*****
97075,9707*,970**,97***,9****,*****
67895,6789*,678**,67***,6****,*****
23603,2360*,236**,23***,2****,*****
77056,7705*,770**,77***,7****,*****
40533,4053*,405**,40***,4****,*****
25064,2506*,250**,25***,2****,*****
41358,4135*,413**,41***,4****,*****
52097,5209*,520**,52***,5****,*****
16182,1618*,161**,16***,1****,*****
91835,9183*,918**,91***,9****,*****
86558,8655*,865**,86***,8****,*****
71035,7103*,710**,71***,7****,*****
32273,3227*,322**,32***,3****,*****
87610,8761*,876**,87***,8****,*****
70553,7055*,705**,70***,7****,*****
64575,6457*,645**,64***,6****,*****
91969,9196*,919**,91***,9****,*****
65294,6529*,652**,65***,6****,*****
84090,8409*,840**,84***,8****,*****
27616,2761*,276**,27***,2****,*****
26611,2661*,266**,26***,2****,*****
51010,5101*,510**,51***,5****,*****
26155,2615*,261**,26***,2****,*****
14025,1402*,140**,14***,1****,*****
85308,8530*,853**,85***,8****,*****
59415,5941*,594**,59***,5****,*****
10742,1074*,107**,10***,1****,*****
21441,2144*,214**,21***,2****,*****
58291,5829*,582**,58***,5****,*****
50790,5079*,507**,50***,5****,*****
25566,2556*,255**,25***,2****,*****
65169,6516*,651**,65***,6****,*****
95073,9507*,950**,95***,9****,*****
37484,3748*,374**,37***,3****,*****
69183,6918*,691**,69***,6****,*****
76124,7612*,761**,76***,7****,*****
19241,1924*,192**,19***,1****,*****
28666,2866*,286**,28***,2****,*****
92525,9252*,925**,92***,9****,*****
41225,4122*,412**,41***,4****,*****
59820,5982*,598**,59***,5****,*****
86554,8655*,865**,86***,8****,*****
52727,5272*,527**,52***,5****,*****
76019,7601*,760**,76***,7****,*****
12700,1270*,127**,12***,1****,*****
56562,5656*,565**,56***,5****,*****
59119,5911*,591**,59***,5****,*****
74189,7418*,741**,74***,7****,*****
61350,6135*,613**,61***,6****,*****
88558,8855*,885**,88***,8****,*****
72457,7245*,724**,72***,7****,*****
27844,2784*,278**,27***,2****,*****
51373,5137*,513**,51***,5****,*****
46618,4661*,466**,46***,4****,*****
81881,8188*,818**,81***,8****,*****
32323,3232*,323**,32***,3****,*****
76669,7666*,766**,76***,7****,*****
16252,1625*,162**,16***,1****,*****
55455,5545*,554**,55***,5****,*****
78821,7882*,788**,78***,7****,*****
38835,3883*,388**,38***,3****,*****
33972,3397*,339**,33***,3****,*****
72338,7233*,723**,72***,7****,*****
83825,8382*,838**,83***,8****,*****
52002,5200*,520**,52***,5****,*****
25509,2550*,255**,25***,2****,*****
81146,8114*,811**,81***,8****,*****
66683,6668*,666**,66***,6****,*****
93527,9352*,935**,93***,9****,*****
44840,4484*,448**,44***,4****,*****
80945,8094*,809**,80***,8****,*****
30032,3003*,300**,30***,3****,*****
84162,8416*,841**,84***,8****,*****
55981,5598*,559**,55***,5****,*****
61799,6179*,617**,61***,6****,*****
59826,5982*,598**,59***,5****,*****
94303,9430*,943**,94***,9****,*****
42909,4290*,429**,42***,4****,*****
39750,3975*,397**,39***,3****,*****
11416,1141*,114**,11***,1****,*****
83928,8392*,839**,83***,8****,*****
72160,7216*,721**,72***,7****,*****
20150,2015*,201**,20***,2****,*****
97690,9769*,976**,97***,9****,*****
81463,8146*,814**,81***,8****,*****
79122,7912*,791**,79***,7****,*****
77930,7793*,779**,77***,7****,*****
86130,8613*,861**,86***,8****,*****
46035,4603*,460**,46***,4****,*****
47971,4797*,479**,47***,4****,*****
35577,3557*,355**,35***,3****,*****
30989,3098*,309**,30***,3****,*****
76424,7642*,764**,76***,7****,*****
47273,4727*,472**,47***,4****,*****
24254,2425*,242**,24***,2****,*****
39764,3976*,397**,39***,3****,*****
96774,9677*,967**,96***,9****,*****
35422,3542*,354**,35***,3****,*****
11799,1179*,117**,11***,1****,*****
39433,3943*,394**,39***,3****,*****
77775,7777*,777**,77***,7****,*****
99731,9973*,997**,99***,9****,*****
43860,4386*,438**,43***,4****,*****
78321,7832*,783**,78***,7****,*****
85497,8549*,854**,85***,8****,*****
59708,5970*,597**,59***,5****,*****
24044,2404*,240**,24***,2****,*****
32057,3205*,320**,32***,3****,*****
96380,9638*,963**,96***,9****,*****
48098,4809*,480**,48***,4****,*****
28926,2892*,289**,28***,2****,*****
80719,8071*,807**,80***,8****,*****
55166,5516*,551**,55***,5****,*****
94033,9403*,940**,94***,9****,*****
45479,4547*,454**,45***,4****,*****
93108,9310*,931**,93***,9****,*****
13624,1362*,136**,13***,1****,*****
15771,1577*,157**,15***,1****,*****
34715,3471*,347**,34***,3****,*****
73482,7348*,734**,73***,7****,*****
91656,9165*,916**,91***,9****,*****
77895,7789*,778**,77***,7****,*****
90824,9082*,908**,90***,9****,*****
30348,3034*,303**,30***,3****,*****
61589,6158*,615**,61***,6****,*****
63903,6390*,639**,63***,6****,*****
82979,8297*,829**,82***,8****,*****
19031,1903*,190**,19***,1****,*****
63069,6306*,630**,63***,6****,*****
47003,4700*,470**,47***,4****,*****
54535,5453*,545**,54***,5****,*****
12381,1238*,123**,12***,1****,*****
84284,8428*,842**,84***,8****,*****
87604,8760*,876**,87***,8****,*****
51702,5170*,517**,51***,5****,*****
92203,9220*,922**,92***,9****,*****
29190,2919*,291**,29***,2****,*****
97025,9702*,970**,97***,9****,*****
33087,3308*,330**,33***,3****,*****
82448,8244*,824**,82***,8****,*****
80559,8055*,805**,80***,8****,*****
86427,8642*,864**,86***,8****,*****
35482,3548*,354**,35***,3****,*****
71754,7175*,717**,71***,7****,*****
88680,8868*,886**,88***,8****,*****
44770,4477*,447**,44***,4****,*****
91638,9163*,916**,91***,9****,*****
64887,6488*,648**,64***,6****,*****
85116,8511*,851**,85***,8****,*****
46504,4650*,465**,46***,4****,*****
14447,1444*,144**,14***,1****,*****
56109,5610*,561**,56***,5****,*****
46311,4631*,463**,46***,4****,*****
72632,7263*,726**,72***,7****,*****
38728,3872*,387**,38***,3****,*****
61853,6185*,618**,61***,6****,*****
14610,1461*,146**,14***,1****,*****
10872,1087*,108**,10***,1****,*****
94157,9415*,941**,94***,9****,*****
53448,5344*,534**,53***,5****,*****
28214,2821*,282**,28***,2****,*****
74030,7403*,740**,74***,7****,*****
71871,7187*,718**,71***,7****,*****
75780,7578*,757**,75***,7****,*****
35661,3566*,356**,35***,3****,*****
46984,4698*,469**,46***,4****,*****
47837,4783*,478**,47***,4****,*****
74399,7439*,743**,74***,7****,*****
42636,4263*,426**,42***,4****,*****
77567,7756*,775**,77***,7****,*****
13354,1335*,133**,13***,1****,*****
68611,6861*,686**,68***,6****,*****
97983,9798*,979**,97***,9****,*****
92883,9288*,928**,92***,9****,*****
33009,3300*,330**,33***,3****,*****
79233,7923*,792**,79***,7****,*****
32569,3256*,325**,32***,3****,*****
39892,3989*,398**,39***,3****,*****
74476,7447*,744**,74***,7****,*****
32736,3273*,327**,32***,3****,*****
36002,3600*,360**,36***,3****,*****
29396,2939*,293**,29***,2****,*****
31045,3104*,310**,31***,3****,*****
87752,8775*,877**,87***,8****,*****
98034,9803*,980**,98***,9****,*****
71454,7145*,714**,71***,7****,*****
29803,2980*,298**,29***,2****,*****
88370,8837*,883**,88***,8****,*****
56756,5675*,567**,56***,5****,*****
11463,1146*,114**,11***,1****,*****
69430,6943*,694**,69***,6****,*****
48498,4849*,484**,48***,4****,*****
85437,8543*,854**,85***,8****,*****
84947,8494*,849**,84***,8****,*****
40304,4030*,403**,40***,4****,*****
65925,6592*,659**,65***,6****,*****
67818,6781*,678**,67***,6****,*****
19505,1950*,195**,19***,1****,*****
24198,2419*,241**,24***,2****,*****
78879,7887*,788**,78***,7****,*****
10318,1031*,103**,10***,1****,*****
53460,5346*,534**,53***,5****,*****
62908,6290*,629**,62***,6****,*****
10102,1010*,101**,10***,1****,*****
45317,4531*,453**,45***,4****,*****
74911,7491*,749**,74***,7****,*****
71412,7141*,714**,71***,7****,*****
29854,2985*,298**,29***,2****,*****
11120,1112*,111**,11***,1****,*****
42969,4296*,429**,42***,4****,*****
40571,4057*,405**,40***,4****,*****
14219,1421*,142**,14***,1****,*****
75920,7592*,759**,75***,7****,*****
95736,9573*,957**,95***,9****,*****
85013,8501*,850**,85***,8****,*****
76072,7607*,760**,76***,7****,*****
47200,4720*,472**,47***,4****,*****
62737,6273*,627**,62***,6****,*****
13719,1371*,137**,13***,1****,*****
90573,9057*,905**,90***,9****,*****
66331,6633*,663**,66***,6****,*****
81300,8130*,813**,81***,8****,*****
24282,2428*,242**,24***,2****,*****
98798,9879*,987**,98***,9****,*****
69562,6956*,695**,69***,6****,*****
70038,7003*,700**,70***,7****,*****
63165,6316*,631**,63***,6****,*****
28393,2839*,283**,28***,2****,*****
26444,2644*,264**,26***,2****,*****
62568,6256*,625**,62***,6****,*****
84382,8438*,843**,84***,8****,*****
85011,8501*,850**,85***,8****,*****
60007,6000*,600**,60***,6****,*****
43103,4310*,431**,43***,4****,*****
98976,9897*,989**,98***,9****,*****
76360,7636*,763**,76***,7****,*****
53174,5317*,531**,53***,5****,*****
77525,7752*,775**,77***,7****,*****
96557,9655*,965**,96***,9****,*****
64952,6495*,649**,64***,6****,*****
72591,7259*,725**,72***,7****,*****
96955,9695*,969**,96***,9****,*****
38707,3870*,387**,38***,3****,*****
35487,3548*,354**,35***,3****,*****
98534,9853*,985**,98***,9****,*****
19034,1903*,190**,19***,1****,*****
42534,4253*,425**,42***,4****,*****
76508,7650*,765**,76***,7****,*****
12277,1227*,122**,12***,1****,*****
59524,5952*,595**,59***,5****,*****
70578,7057*,705**,70***,7****,*****
68973,6897*,689**,68***,6****,*****
55618,5561*,556**,55***,5****,*****
49396,4939*,493**,49***,4****,*****
15348,1534*,153**,15***,1****,*****
42069,4206*,420**,42***,4****,*****
71740,7174*,717**,71***,7****,*****
31776,3177*,317**,31***,3****,*****
85959,8595*,859**,85***,8****,*****
75966,7596*,759**,75***,7****,*****
30875,3087*,308**,30***,3****,*****
90016,9001*,900**,90***,9****,*****
47275,4727*,472**,47***,4****,*****
25404,2540*,254**,25***,2****,*****
12506,1250*,125**,12***,1****,*****
42913,4291*,429**,42***,4****,*****
74524,7452*,745**,74***,7****,*****
11644,1164*,116**,11***,1****,*****
51036,5103*,510**,51***,5****,*****
92178,9217*,921**,92***,9****,*****
33309,3330*,333**,33***,3****,*****
50190,5019*,501**,50***,5****,*****
31355,3135*,313**,31***,3****,*****
84426,8442*,844**,84***,8****,*****
26962,2696*,269**,26***,2****,*****
38234,3823*,382**,38***,3****,*****
56339,5633*,563**,56***,5****,*****
21743,2174*,217**,21***,2****,*****
60100,6010*,601**,60***,6****,*****
81981,8198*,819**,81***,8****,*****
71492,7149*,714**,71***,7****,*****
94306,9430*,943**,94***,9****,*****
79493,7949*,794**,79***,7****,*****
99627,9962*,996**,99***,9****,*****
50484,5048*,504**,50***,5****,*****
59863,5986*,598**,59***,5****,*****
82642,8264*,826**,82***,8****,*****
34139,3413*,341**,34***,3****,*****
76722,7672*,767**,76***,7****,*****
69379,6937*,693**,69***,6****,*****
35361,3536*,353**,35***,3****,*****
50171,5017*,501**,50***,5****,*****
50379,5037*,503**,50***,5****,*****
94460,9446*,944**,94***,9****,*****
55067,5506*,550**,55***,5****,*****
12112,1211*,121**,12***,1****,*****
27465,2746*,274**,27***,2****,*****
56494,5649*,564**,56***,5****,*****
71348,7134*,713**,71***,7****,*****
59939,5993*,599**,59***,5****,*****
25986,2598*,259**,25***,2****,*****
12132,1213*,121**,12***,1****,*****
25421,2542*,254**,25***,2****,*****
84899,8489*,848**,84***,8****,*****
93016,9301*,930**,93***,9****,*****
96718,9671*,967**,96***,9****,*****
33079,3307*,330**,33***,3****,*****
27454,2745*,274**,27***,2****,*****
19676,1967*,196**,19***,1****,*****
14581,1458*,145**,14***,1****,*****
76422,7642*,764**,76***,7****,*****
57087,5708*,570**,57***,5****,*****
28757,2875*,287**,28***,2****,*****
50817,5081*,508**,50***,5****,*****
14451,1445*,144**,14***,1****,*****
58302,5830*,583**,58***,5****,*****
39043,3904*,390**,39***,3****,*****
48106,4810*,481**,48***,4****,*****
31884,3188*,318**,31***,3****,*****
88293,8829*,882**,88***,8****,*****
33670,3367*,336**,33***,3****,*****
69445,6944*,694**,69***,6****,*****
51174,5117*,511**,51***,5****,*****
87445,8744*,874**,87***,8****,*****
32418,3241*,324**,32***,3****,*****
21759,2175*,217**,21***,2****,*****
36814,3681*,368**,36***,3****,*****
95284,9528*,952**,95***,9****,*****
23825,2382*,238**,23***,2****,*****
80378,8037*,803**,80***,8****,*****
89315,8931*,893**,89***,8****,*****
18651,1865*,186**,18***,1****,*****
77429,7742*,774**,77***,7****,*****
47090,4709*,470**,47***,4****,*****
80264,8026*,802**,80***,8****,*****
37261,3726*,372**,37***,3****,*****
29666,2966*,296**,29***,2****,*****
42384,4238*,423**,42***,4****,*****
67558,6755*,675**,67***,6****,*****
57027,5702*,570**,57***,5****,*****
23060,2306*,230**,23***,2****,*****
46691,4669*,466**,46***,4****,*****
40942,4094*,409**,40***,4****,*****
54376,5437*,543**,54***,5****,*****
57288,5728*,572**,57***,5****,*****
65681,6568*,656**,65***,6****,*****
65232,6523*,652**,65***,6****,*****
46240,4624*,462**,46***,4****,*****
48003,4800*,480**,48***,4****,*****
85728,8572*,857**,85***,8****,*****
79294,7929*,792**,79***,7****,*****
72097,7209*,720**,72***,7****,*****
79740,7974*,797**,79***,7****,*****
71300,7130*,713**,71***,7****,*****
46496,4649*,464**,46***,4****,*****
70473,7047*,704**,70***,7****,*****
89771,8977*,897**,89***,8****,*****
92314,9231*,923**,92***,9****,*****
30289,3028*,302**,30***,3****,*****
27836,2783*,278**,27***,2****,*****
69618,6961*,696**,69***,6****,*****
83647,8364*,836**,83***,8****,*****
41249,4124*,412**,41***,4****,*****
37874,3787*,378**,37***,3****,*****
56072,5607*,560**,56***,5****,*****
12380,1238*,123**,12***,1****,*****
54314,5431*,543**,54***,5****,*****
84896,8489*,848**,84***,8****,*****
15267,1526*,152**,15***,1****,*****
52324,5232*,523**,52***,5****,*****
62347,6234*,623**,62***,6****,*****
51392,5139*,513**,51***,5****,*****
26548,2654*,265**,26***,2****,*****
36425,3642*,364**,36***,3****,*****
51458,5145*,514**,51***,5****,*****
79364,7936*,793**,79***,7****,*****
76580,7658*,765**,76***,7****,*****
55335,5533*,553**,55***,5****,*****
84501,8450*,845**,84***,8****,*****
61757,6175*,617**,61***,6****,*****
97937,9793*,979**,97***,9****,*****
74380,7438*,743**,74***,7****,*****
23905,2390*,239**,23***,2****,*****
64233,6423*,642**,64***,6****,*****
81415,8141*,814**,81***,8****,*****
34593,3459*,345**,34***,3****,*****
60392,6039*,603**,60***,6****,*****
81986,8198*,819**,81***,8****,*****
88760,8876*,887**,88***,8****,*****
93002,9300*,930**,93***,9****,*****
55282,5528*,552**,55***,5****,*****
92068,9206*,920**,92***,9****,*****
99938,9993*,999**,99***,9****,*****
90853,9085*,908**,90***,9****,*****
46053,4605*,460**,46***,4****,*****
10793,1079*,107**,10***,1****,*****
43674,4367*,436**,43***,4****,*****
84161,8416*,841**,84***,8****,*****
59665,5966*,596**,59***,5****,*****
93853,9385*,938**,93***,9****,*****
26317,2631*,263**,26***,2****,*****
80991,8099*,809**,80***,8****,*****
63245,6324*,632**,63***,6****,*****
69735,6973*,697**,69***,6****,*****
94452,9445*,944**,94***,9****,*****
69749,6974*,697**,69***,6****,*****
69151,6915*,691**,69***,6****,*****
96253,9625*,962**,96***,9****,*****
83745,8374*,837**,83***,8****,*****
90254,9025*,902**,90***,9****,*****
50576,5057*,505**,50***,5****,*****
23281,2328*,232**,23***,2****,*****
10268,1026*,102**,10***,1****,*****
10544,1054*,105**,10***,1****,*****
40693,4069*,406**,40***,4****,*****
29252,2925*,292**,29***,2****,*****
56859,5685*,568**,56***,5****,*****
65659,6565*,656**,65***,6****,*****
93754,9375*,937**,93***,9****,*****
15501,1550*,155**,15***,1****,*****
30393,3039*,303**,30***,3****,*****
13958,1395*,139**,13***,1****,*****
64421,6442*,644**,64***,6****,*****
72642,7264*,726**,72***,7****,*****
57445,5744*,574**,57***,5****,*****
70920,7092*,709**,70***,7****,*****
61871,6187*,618**,61***,6****,*****
64975,6497*,649**,64***,6****,*****
32179,3217*,321**,32***,3****,*****
60150,6015*,601**,60***,6****,*****
69517,6951*,695**,69***,6****,*****
70233,7023*,702**,70***,7****,*****
13925,1392*,139**,13***,1****,*****
38480,3848*,384**,38***,3****,*****
64007,6400*,640**,64***,6****,*****
32094,3209*,320**,32***,3****,*****
37037,3703*,370**,37***,3****,*****
75215,7521*,752**,75***,7****,*****
18442,1844*,184**,18***,1****,*****
53015,5301*,530**,53***,5****,*****
44965,4496*,449**,44***,4****,*****
57583,5758*,575**,57***,5****,*****
63368,6336*,633**,63***,6****,*****
24533,2453*,245**,24***,2****,*****
26923,2692*,269**,26***,2****,*****
94670,9467*,946**,94***,9****,*****
26685,2668*,266**,26***,2****,*****
11224,1122*,112**,11***,1****,*****
66235,6623*,662**,66***,6****,*****
75474,7547*,754**,75***,7****,*****
36848,3684*,368**,36***,3****,*****
81457,8145*,814**,81***,8****,*****
47764,4776*,477**,47***,4****,*****
91480,9148*,914**,91***,9****,*****
72969,7296*,729**,72***,7****,*****
14398,1439*,143**,14***,1****,*****
61173,6117*,611**,61***,6****,*****
63920,6392*,639**,63***,6****,*****
59484,5948*,594**,59***,5****,*****
41345,4134*,413**,41***,4****,*****
40221,4022*,402**,40***,4****,*****
61709,6170*,617**,61***,6****,*****
50318,5031*,503**,50***,5****,*****
11015,1101*,110**,11***,1****,*****
79008,7900*,790**,79***,7****,*****
16922,1692*,169**,16***,1****,*****
81239,8123*,812**,81***,8****,*****
49520,4952*,495**,49***,4****,*****
98676,9867*,986**,98***,9****,*****
37878,3787*,378**,37***,3****,*****
79534,7953*,795**,79***,7****,*****
99655,9965*,996**,99***,9****,*****
47780,4778*,477**,47***,4****,*****
82836,8283*,828**,82***,8****,*****
43533,4353*,435**,43***,4****,*****
96753,9675*,967**,96***,9****,*****
83601,8360*,836**,83***,8****,*****
79328,7932*,793**,79***,7****,*****
48612,4861*,486**,48***,4****,*****
10151,1015*,101**,10***,1****,*****
62242,6224*,622**,62***,6****,*****
11685,1168*,116**,11***,1****,*****
43598,4359*,435**,43***,4****,*****
54890,5489*,548**,54***,5****,*****
63808,6380*,638**,63***,6****,*****
74673,7467*,746**,74***,7****,*****
12099,1209*,120**,12***,1****,*****
20005,2000*,200**,20***,2****,*****
95495,9549*,954**,95***,9****,*****
48177,4817*,481**,48***,4****,*****
95362,9536*,953**,95***,9****,*****
62420,6242*,624**,62***,6****,*****
88193,8819*,881**,88***,8****,*****
54019,5401*,540**,54***,5****,*****
48802,4880*,488**,48***,4****,*****
52213,5221*,522**,52***,5****,*****
59844,5984*,598**,59***,5****,*****
98371,9837*,983**,98***,9****,*****
32670,3267*,326**,32***,3****,*****
91647,9164*,916**,91***,9****,*****
60991,6099*,609**,60***,6****,*****
68357,6835*,683**,68***,6****,*****
77671,7767*,776**,77***,7****,*****
80192,8019*,801**,80***,8****,*****
34589,3458*,345**,34***,3****,*****
70138,7013*,701**,70***,7****,*****
37368,3736*,373**,37***,3****,*****
94729,9472*,947**,94***,9****,*****
17831,1783*,178**,17***,1****,*****
96854,9685*,968**,96***,9****,*****
79839,7983*,798**,79***,7****,*****
79016,7901*,790**,79***,7****,*****
41891,4189*,418**,41***,4****,*****
46827,4682*,468**,46***,4****,*****
66565,6656*,665**,66***,6****,*****
88739,8873*,887**,88***,8****,*****
83576,8357*,835**,83***,8****,*****
60702,6070*,607**,60***,6****,*****
28823,2882*,288**,28***,2****,*****
13691,1369*,136**,13***,1****,*****
86875,8687*,868**,86***,8****,*****
16210,1621*,162**,16***,1****,*****
55670,5567*,556**,55***,5****,*****
30227,3022*,302**,30***,3****,*****
19994,1999*,199**,19***,1****,*****
44465,4446*,444**,44***,4****,*****
30877,3087*,308**,30***,3****,*****
42818,4281*,428**,42***,4****,*****
21840,2184*,218**,21***,2****,*****
46218,4621*,462**,46***,4****,*****
38448,3844*,384**,38***,3****,*****
61903,6190*,619**,61***,6****,*****
40989,4098*,409**,40***,4****,*****
24741,2474*,247**,24***,2****,*****
21444,2144*,214**,21***,2****,*****
20557,2055*,205**,20***,2****,*****
63576,6357*,635**,63***,6****,*****
27976,2797*,279**,27***,2****,*****
98572,9857*,985**,98***,9****,*****
88024,8802*,880**,88***,8****,*****
80357,8035*,803**,80***,8****,*****
58941,5894*,589**,58***,5****,*****
50382,5038*,503**,50***,5****,*****
66507,6650*,665**,66***,6****,*****
85990,8599*,859**,85***,8****,*****
18039,1803*,180**,18***,1****,*****
22251,2225*,222**,22***,2****,*****
48546,4854*,485**,48***,4****,*****
36555,3655*,365**,36***,3****,*****
22383,2238*,223**,22***,2****,*****
17270,1727*,172**,17***,1****,*****
45442,4544*,454**,45***,4****,*****
59551,5955*,595**,59***,5****,*****
11344,1134*,113**,11***,1****,*****
30561,3056*,305**,30***,3****,*****
66860,6686*,668**,66***,6****,*****
25746,2574*,257**,25***,2****,*****
34367,3436*,343**,34***,3****,*****
33334,3333*,333**,33***,3****,*****
45271,4527*,452**,45***,4****,*****
27141,2714*,271**,27***,2****,*****
14002,1400*,140**,14***,1****,*****
19600,1960*,196**,19***,1****,*****
93075,9307*,930**,93***,9****,*****
11751,1175*,117**,11***,1****,*****
62453,6245*,624**,62***,6****,*****
16668,1666*,166**,16***,1****,*****
97964,9796*,979**,97***,9****,*****
57794,5779*,577**,57***,5****,*****
42286,4228*,422**,42***,4****,*****
41730,4173*,417**,41***,4****,*****
59554,5955*,595**,59***,5****,*****
29340,2934*,293**,29***,2****,*****
56698,5669*,566**,56***,5****,*****
56498,5649*,564**,56***,5****,*****
68688,6868*,686**,68***,6****,*****
62611,6261*,626**,62***,6****,*****
72884,7288*,728**,72***,7****,*****
26138,2613*,261**,26***,2****,*****
28045,2804*,280**,28***,2****,*****
97306,9730*,973**,97***,9****,*****
92032,9203*,920**,92***,9****,*****
11545,1154*,115**,11***,1****,*****
67263,6726*,672**,67***,6****,*****
86760,8676*,867**,86***,8****,*****
74729,7472*,747**,74***,7****,*****
22464,2246*,224**,22***,2****,*****
29582,2958*,295**,29***,2****,*****
17803,1780*,178**,17***,1****,*****
76003,7600*,760**,76***,7****,*****
31298,3129*,312**,31***,3****,*****
12894,1289*,128**,12***,1****,*****
12752,1275*,127**,12***,1****,*****
20107,2010*,201**,20***,2****,*****
82087,8208*,820**,82***,8****,*****
74404,7440*,744**,74***,7****,*****
93440,9344*,934**,93***,9****,*****
85440,8544*,854**,85***,8****,*****
81420,8142*,814**,81***,8****,*****
58760,5876*,587**,58***,5****,*****
23262,2326*,232**,23***,2****,*****
84126,8412*,841**,84***,8****,*****
50959,5095*,509**,50***,5****,*****
57525,5752*,575**,57***,5****,*****
43681,4368*,436**,43***,4****,*****
95367,9536*,953**,95***,9****,*****
56851,5685*,568**,56***,5****,*****
26792,2679*,267**,26***,2****,*****
97009,9700*,970**,97***,9****,*****
59027,5902*,590**,59***,5****,*****
45935,4593*,459**,45***,4****,*****
38429,3842*,384**,38***,3****,*****
99454,9945*,994**,99***,9****,*****
33891,3389*,338**,33***,3****,*****
75701,7570*,757**,75***,7****,*****
47988,4798*,479**,47***,4****,*****
58548,5854*,585**,58***,5****,*****
14934,1493*,149**,14***,1****,*****
28458,2845*,284**,28***,2****,*****
72400,7240*,724**,72***,7****,*****
76765,7676*,767**,76***,7****,*****
80375,8037*,803**,80***,8****,*****
42624,4262*,426**,42***,4****,*****
68074,6807*,680**,68***,6****,*****
25494,2549*,254**,25***,2****,*****
45501,4550*,455**,45***,4****,*****
63536,6353*,635**,63***,6****,*****
43886,4388*,438**,43***,4****,*****
49802,4980*,498**,49***,4****,*****
38291,3829*,382**,38***,3****,*****
46034,4603*,460**,46***,4****,*****
54044,5404*,540**,54***,5****,*****
51965,5196*,519**,51***,5****,*****
17634,1763*,176**,17***,1****,*****
16199,1619*,161**,16***,1****,*****
23453,2345*,234**,23***,2****,*****
49888,4988*,498**,49***,4****,*****
55143,5514*,551**,55***,5****,*****
76082,7608*,760**,76***,7****,*****
97554,9755*,975**,97***,9****,*****
48891,4889*,488**,48***,4****,*****
37660,3766*,376**,37***,3****,*****
93057,9305*,930**,93***,9****,*****
20656,2065*,206**,20***,2****,*****
11561,1156*,115**,11***,1****,*****
68058,6805*,680**,68***,6****,*****
16636,1663*,166**,16***,1****,*****
80950,8095*,809**,80***,8****,*****
42895,4289*,428**,42***,4****,*****
58092,5809*,580**,58***,5****,*****
50711,5071*,507**,50***,5****,*****
51668,5166*,516**,51***,5****,*****
51742,5174*,517**,51***,5****,*****
61230,6123*,612**,61***,6****,*****
17374,1737*,173**,17***,1****,*****
96649,9664*,966**,96***,9****,*****
41491,4149*,414**,41***,4****,*****
78026,7802*,780**,78***,7****,*****
38986,3898*,389**,38***,3****,*****
31675,3167*,316**,31***,3****,*****
31255,3125*,312**,31***,3****,*****
33269,3326*,332**,33***,3****,*****
79940,7994*,799**,79***,7****,*****
11071,1107*,110**,11***,1****,*****
91148,9114*,911**,91***,9****,*****
94247,9424*,942**,94***,9****,*****
32077,3207*,320**,32***,3****,*****
48563,4856*,485**,48***,4****,*****
87387,8738*,873**,87***,8****,*****
56598,5659*,565**,56***,5****,*****
18243,1824*,182**,18***,1****,*****
56455,5645*,564**,56***,5****,*****
12635,1263*,126**,12***,1****,*****
62236,6223*,622**,62***,6****,*****
25893,2589*,258**,25***,2****,*****
15531,1553*,155**,15***,1****,*****
81055,8105*,810**,81***,8****,*****
15188,1518*,151**,15***,1****,*****
27278,2727*,272**,27***,2****,*****
73247,7324*,732**,73***,7****,*****
31342,3134*,313**,31***,3****,*****
61242,6124*,612**,61***,6****,*****
78088,7808*,780**,78***,7****,*****
42201,4220*,422**,42***,4****,*****
71244,7124*,712**,71***,7****,*****
36143,3614*,361**,36***,3****,*****
97851,9785*,978**,97***,9****,*****
80854,8085*,808**,80***,8****,*****
49700,4970*,497**,49***,4****,*****
89286,8928*,892**,89***,8****,*****
27271,2727*,272**,27***,2****,*****
96235,9623*,962**,96***,9****,*****
72652,7265*,726**,72***,7****,*****
83973,8397*,839**,83***,8****,*****
10438,1043*,104**,10***,1****,*****
39569,3956*,395**,39***,3****,*****
40286,4028*,402**,40***,4****,*****
40991,4099*,409**,40***,4****,*****
32222,3222*,322**,32***,3****,*****
50117,5011*,501**,50***,5****,*****
61327,6132*,613**,61***,6****,*****
94250,9425*,942**,94***,9****,*****
51243,5124*,512**,51***,5****,*****
83744,8374*,837**,83***,8****,*****
87745,8774*,877**,87***,8****,*****
85903,8590*,859**,85***,8****,*****
88057,8805*,880**,88***,8****,*****
34981,3498*,349**,34***,3****,*****
30485,3048*,304**,30***,3****,*****
78997,7899*,789**,78***,7****,*****
73072,7307*,730**,73***,7****,*****
65691,6569*,656**,65***,6****,*****
80694,8069*,806**,80***,8****,*****
11743,1174*,117**,11***,1****,*****
69840,6984*,698**,69***,6****,*****
42714,4271*,427**,42***,4****,*****
36828,3682*,368**,36***,3****,*****
67786,6778*,677**,67***,6****,*****
86636,8663*,866**,86***,8****,*****
64323,6432*,643**,64***,6****,*****
43506,4350*,435**,43***,4****,*****
54991,5499*,549**,54***,5****,*****
51512,5151*,515**,51***,5****,*****
92456,9245*,924**,92***,9****,*****
99565,9956*,995**,99***,9****,*****
37627,3762*,376**,37***,3****,*****
21764,2176*,217**,21***,2****,*****
55489,5548*,554**,55***,5****,*****
86935,8693*,869**,86***,8****,*****
16040,1604*,160**,16***,1****,*****
93760,9376*,937**,93***,9****,*****
91576,9157*,915**,91***,9****,*****
99656,9965*,996**,99***,9****,*****
86871,8687*,868**,86***,8****,*****
86888,8688*,868**,86***,8****,*****
97036,9703*,970**,97***,9****,*****
35810,3581*,358**,35***,3****,*****
96203,9620*,962**,96***,9****,*****
40465,4046*,404**,40***,4****,*****
39368,3936*,393**,39***,3****,*****
62607,6260*,626**,62***,6****,*****
81020,8102*,810**,81***,8****,*****
84167,8416*,841**,84***,8****,*****
83130,8313*,831**,83***,8****,*****
32766,3276*,327**,32***,3****,*****
56413,5641*,564**,56***,5****,*****
17010,1701*,170**,17***,1****,*****
32773,3277*,327**,32***,3****,*****
88244,8824*,882**,88***,8****,*****
96801,9680*,968**,96***,9****,*****
38725,3872*,387**,38***,3****,*****
98582,9858*,985**,98***,9****,*****
31117,3111*,311**,31***,3****,*****
57066,5706*,570**,57***,5****,*****
53583,5358*,535**,53***,5****,*****
87062,8706*,870**,87***,8****,*****
98999,9899*,989**,98***,9****,*****
76881,7688*,768**,76***,7****,*****
31309,3130*,313**,31***,3****,*****
62601,6260*,626**,62***,6****,*****
78764,7876*,787**,78***,7****,*****
87334,8733*,873**,87***,8****,*****
63051,6305*,630**,63***,6****,*****
39784,3978*,397**,39***,3****,*****
52322,5232*,523**,52***,5****,*****
23463,2346*,234**,23***,2****,*****
38733,3873*,387**,38***,3****,*****
77745,7774*,777**,77***,7****,*****
60871,6087*,608**,60***,6****,*****
15907,1590*,159**,15***,1****,*****
28912,2891*,289**,28***,2****,*****
77569,7756*,775**,77***,7****,*****
36331,3633*,363**,36***,3****,*****
66601,6660*,666**,66***,6****,*****
18788,1878*,187**,18***,1****,*****
45060,4506*,450**,45***,4****,*****
96397,9639*,963**,96***,9****,*****
61625,6162*,616**,61***,6****,*****
56647,5664*,566**,56***,5****,*****
56542,5654*,565**,56***,5****,*****
29210,2921*,292**,29***,2****,*****
51502,5150*,515**,51***,5****,*****
23478,2347*,234**,23***,2****,*****
18808,1880*,188**,18***,1****,*****
28807,2880*,288**,28***,2****,*****
27056,2705*,270**,27***,2****,*****
56511,5651*,565**,56***,5****,*****
84255,8425*,842**,84***,8****,*****
31434,3143*,314**,31***,3****,*****
16141,1614*,161**,16***,1****,*****
84983,8498*,849**,84***,8****,*****
30139,3013*,301**,30***,3****,*****
31141,3114*,311**,31***,3****,*****
23255,2325*,232**,23***,2****,*****
77284,7728*,772**,77***,7****,*****
98309,9830*,983**,98***,9****,*****
53430,5343*,534**,53***,5****,*****
13517,1351*,135**,13***,1****,*****
87666,8766*,876**,87***,8****,*****
80832,8083*,808**,80***,8****,*****
18368,1836*,183**,18***,1****,*****
64998,6499*,649**,64***,6****,*****
77490,7749*,774**,77***,7****,*****
86322,8632*,863**,86***,8****,*****
44049,4404*,440**,44***,4****,*****
23049,2304*,230**,23***,2****,*****
73716,7371*,737**,73***,7****,*****
64656,6465*,646**,64***,6****,*****
12271,1227*,122**,12***,1****,*****
90472,9047*,904**,90***,9****,*****
20881,2088*,208**,20***,2****,*****
63082,6308*,630**,63***,6****,*****
76656,7665*,766**,76***,7****,*****
76104,7610*,761**,76***,7****,*****
74188,7418*,741**,74***,7****,*****
37466,3746*,374**,37***,3****,*****
97728,9772*,977**,97***,9****,*****
13244,1324*,132**,13***,1****,*****
50006,5000*,500**,50***,5****,*****
70039,7003*,700**,70***,7****,*****
10364,1036*,103**,10***,1****,*****
95501,9550*,955**,95***,9****,*****
64700,6470*,647**,64***,6****,*****
21805,2180*,218**,21***,2****,*****
71753,7175*,717**,71***,7****,*****
28541,2854*,285**,28***,2****,*****
82555,8255*,825**,82***,8****,*****
25856,2585*,258**,25***,2****,*****
90657,9065*,906**,90***,9****,*****
78239,7823*,782**,78***,7****,*****
12382,1238*,123**,12***,1****,*****
32176,3217*,321**,32***,3****,*****
64139,6413*,641**,64***,6****,*****
40328,4032*,403**,40***,4****,*****
75798,7579*,757**,75***,7****,*****
53901,5390*,539**,53***,5****,*****
82496,8249*,824**,82***,8****,*****
13206,1320*,132**,13***,1****,*****
35127,3512*,351**,35***,3****,*****
20925,2092*,209**,20***,2****,*****
43610,4361*,436**,43***,4****,*****
57821,5782*,578**,57***,5****,*****
99637,9963*,996**,99***,9****,*****
63772,6377*,637**,63***,6****,*****
50468,5046*,504**,50***,5****,*****
13736,1373*,137**,13***,1****,*****
23968,2396*,239**,23***,2****,*****
71147,7114*,711**,71***,7****,*****
69705,6970*,697**,69***,6****,*****
80091,8009*,800**,80***,8****,*****
96937,9693*,969**,96***,9****,*****
73433,7343*,734**,73***,7****,*****
15001,1500*,150**,15***,1****,*****
51122,5112*,511**,51***,5****,*****
87623,8762*,876**,87***,8****,*****
99622,9962*,996**,99***,9****,*****
60034,6003*,600**,60***,6****,*****
36358,3635*,363**,36***,3****,*****
73726,7372*,737**,73***,7****,*****
14686,1468*,146**,14***,1****,*****
60776,6077*,607**,60***,6****,*****
36484,3648*,364**,36***,3****,*****
23739,2373*,237**,23***,2****,*****
19978,1997*,199**,19***,1****,*****
67651,6765*,676**,67***,6****,*****
66548,6654*,665**,66***,6****,*****
69488,6948*,694**,69***,6****,*****
18113,1811*,181**,18***,1****,*****
63658,6365*,636**,63***,6****,*****
31596,3159*,315**,31***,3****,*****
34599,3459*,345**,34***,3****,*****
55511,5551*,555**,55***,5****,*****
81551,8155*,815**,81***,8****,*****
78827,7882*,788**,78***,7****,*****
18890,1889*,188**,18***,1****,*****
76362,7636*,763**,76***,7****,*****
81928,8192*,819**,81***,8****,*****
23731,2373*,237**,23***,2****,*****
13190,1319*,131**,13***,1****,*****
37477,3747*,374**,37***,3****,*****
87418,8741*,874**,87***,8****,*****
45202,4520*,452**,45***,4****,*****
70361,7036*,703**,70***,7****,*****
94840,9484*,948**,94***,9****,*****
96927,9692*,969**,96***,9****,*****
94598,9459*,945**,94***,9****,*****
53906,5390*,539**,53***,5****,*****
73649,7364*,736**,73***,7****,*****
50585,5058*,505**,50***,5****,*****
86900,8690*,869**,86***,8****,*****
83109,8310*,831**,83***,8****,*****
68135,6813*,681**,68***,6****,*****
65160,6516*,651**,65***,6****,*****
33865,3386*,338**,33***,3****,*****
86594,8659*,865**,86***,8****,*****
28848,2884*,288**,28***,2****,*****
44787,4478*,447**,44***,4****,*****
72440,7244*,724**,72***,7****,*****
49249,4924*,492**,49***,4****,*****
49268,4926*,492**,49***,4****,*****
67673,6767*,676**,67***,6****,*****
35181,3518*,351**,35***,3****,*****
68785,6878*,687**,68***,6****,*****
92375,9237*,923**,92***,9****,*****
56308,5630*,563**,56***,5****,*****
47441,4744*,474**,47***,4****,*****
96302,9630*,963**,96***,9****,*****
43091,4309*,430**,43***,4****,*****
89027,8902*,890**,89***,8****,*****
28050,2805*,280**,28***,2****,*****
49527,4952*,495**,49***,4****,*****
58785,5878*,587**,58***,5****,*****
10243,1024*,102**,10***,1****,*****
86271,8627*,862**,86***,8****,*****
74529,7452*,745**,74***,7****,*****
42883,4288*,428**,42***,4****,*****
32842,3284*,328**,32***,3****,*****
13510,1351*,135**,13***,1****,*****
17427,1742*,174**,17***,1****,*****
79345,7934*,793**,79***,7****,*****
25413,2541*,254**,25***,2****,*****
66271,6627*,662**,66***,6****,*****
83516,8351*,835**,83***,8****,*****
56990,5699*,569**,56***,5****,*****
45950,4595*,459**,45***,4****,*****
46719,4671*,467**,46***,4****,*****
85613,8561*,856**,85***,8****,*****
13927,1392*,139**,13***,1****,*****
67865,6786*,678**,67***,6****,*****
30249,3024*,302**,30***,3****,*****
79781,7978*,797**,79***,7****,*****
30117,3011*,301**,30***,3****,*****
47631,4763*,476**,47***,4****,*****
12192,1219*,121**,12***,1****,*****
18318,1831*,183**,18***,1****,*****
49404,4940*,494**,49***,4****,*****
65600,6560*,656**,65***,6****,*****
55168,5516*,551**,55***,5****,*****
93171,9317*,931**,93***,9****,*****
66614,6661*,666**,66***,6****,*****
18959,1895*,189**,18***,1****,*****
42347,4234*,423**,42***,4****,*****
39008,3900*,390**,39***,3****,*****
16669,1666*,166**,16***,1****,*****
14650,1465*,146**,14***,1****,*****
33378,3337*,333**,33***,3****,*****
19262,1926*,192**,19***,1****,*****
93947,9394*,939**,93***,9****,*****
32067,3206*,320**,32***,3****,*****
35457,3545*,354**,35***,3****,*****
90269,9026*,902**,90***,9****,*****
91756,9175*,917**,91***,9****,*****
44620,4462*,446**,44***,4****,*****
14575,1457*,145**,14***,1****,*****
29370,2937*,293**,29***,2****,*****
52492,5249*,524**,52***,5****,*****
56888,5688*,568**,56***,5****,*****
10633,1063*,106**,10***,1****,*****
49545,4954*,495**,49***,4****,*****
94467,9446*,944**,94***,9****,*****
80226,8022*,802**,80***,8****,*****
17362,1736*,173**,17***,1****,*****
91487,9148*,914**,91***,9****,*****
71166,7116*,711**,71***,7****,*****
18327,1832*,183**,18***,1****,*****
19086,1908*,190**,19***,1****,*****
11853,1185*,118**,11***,1****,*****
83083,8308*,830**,83***,8****,*****
58221,5822*,582**,58***,5****,*****
85346,8534*,853**,85***,8****,*****
47645,4764*,476**,47***,4****,*****
78262,7826*,782**,78***,7****,*****
53731,5373*,537**,53***,5****,*****
54440,5444*,544**,54***,5****,*****
13655,1365*,136**,13***,1****,*****
94119,9411*,941**,94***,9****,*****
23679,2367*,236**,23***,2****,*****
95924,9592*,959**,95***,9****,*****
68299,6829*,682**,68***,6****,*****
77934,7793*,779**,77***,7****,*****
87055,8705*,870**,87***,8****,*****
82760,8276*,827**,82***,8****,*****
27323,2732*,273**,27***,2****,*****
28310,2831*,283**,28***,2****,*****
45018,4501*,450**,45***,4****,*****
54645,5464*,546**,54***,5****,*****
12961,1296*,129**,12***,1****,*****
61463,6146*,614**,61***,6****,*****
53827,5382*,538**,53***,5****,*****
72689,7268*,726**,72***,7****,*****
84026,8402*,840**,84***,8****,*****
54083,5408*,540**,54***,5****,*****
77184,7718*,771**,77***,7****,*****
80632,8063*,806**,80***,8****,*****
45895,4589*,458**,45***,4****,*****
62006,6200*,620**,62***,6****,*****
29839,2983*,298**,29***,2****,*****
50249,5024*,502**,50***,5****,*****
86647,8664*,866**,86***,8****,*****
24099,2409*,240**,24***,2****,*****
75609,7560*,756**,75***,7****,*****
37755,3775*,377**,37***,3****,*****
99332,9933*,993**,99***,9****,*****
20188,2018*,201**,20***,2****,*****
85675,8567*,856**,85***,8****,*****
97861,9786*,978**,97***,9****,*****
68919,6891*,689**,68***,6****,*****
20453,2045*,204**,20***,2****,*****
40969,4096*,409**,40***,4****,*****
55841,5584*,558**,55***,5****,*****
16635,1663*,166**,16***,1****,*****
60249,6024*,602**,60***,6****,*****
72617,7261*,726**,72***,7****,*****
24516,2451*,245**,24***,2****,*****
67543,6754*,675**,67***,6****,*****
32034,3203*,320**,32***,3****,*****
37720,3772*,377**,37***,3****,*****
27180,2718*,271**,27***,2****,*****
86843,8684*,868**,86***,8****,*****
50662,5066*,506**,50***,5****,*****
75301,7530*,753**,75***,7****,*****
91601,9160*,916**,91***,9****,*****
20843,2084*,208**,20***,2****,*****
32332,3233*,323**,32***,3****,*****
86311,8631*,863**,86***,8****,*****
36949,3694*,369**,36***,3****,*****
61641,6164*,616**,61***,6****,*****
13405,1340*,134**,13***,1****,*****
47487,4748*,474**,47***,4****,*****
95690,9569*,956**,95***,9****,*****
21752,2175*,217**,21***,2****,*****
18007,1800*,180**,18***,1****,*****
34030,3403*,340**,34***,3****,*****
85946,8594*,859**,85***,8****,*****
65909,6590*,659**,65***,6****,*****
20548,2054*,205**,20***,2****,*****
40968,4096*,409**,40***,4****,*****
96662,9666*,966**,96***,9****,*****
51710,5171*,517**,51***,5****,*****
88781,8878*,887**,88***,8****,*****
85738,8573*,857**,85***,8****,*****
41373,4137*,413**,41***,4****,*****
32324,3232*,323**,32***,3****,*****
96542,9654*,965**,96***,9****,*****
46444,4644*,464**,46***,4****,*****
22699,2269*,226**,22***,2****,*****
59404,5940*,594**,59***,5****,*****
61060,6106*,610**,61***,6****,*****
76514,7651*,765**,76***,7****,*****
40246,4024*,402**,40***,4****,*****
43349,4334*,433**,43***,4****,*****
47352,4735*,473**,47***,4****,*****
33200,3320*,332**,33***,3****,*****
35323,3532*,353**,35***,3****,*****
42549,4254*,425**,42***,4****,*****
60420,6042*,604**,60***,6****,*****
95682,9568*,956**,95***,9****,*****
72633,7263*,726**,72***,7****,*****
75110,7511*,751**,75***,7****,*****
62752,6275*,627**,62***,6****,*****
23237,2323*,232**,23***,2****,*****
49485,4948*,494**,49***,4****,*****
85995,8599*,859**,85***,8****,*****
69589,6958*,695**,69***,6****,*****
86318,8631*,863**,86***,8****,*****
41512,4151*,415**,41***,4****,*****
77911,7791*,779**,77***,7****,*****
48711,4871*,487**,48***,4****,*****
47811,4781*,478**,47***,4****,*****
97891,9789*,978**,97***,9****,*****
83710,8371*,837**,83***,8****,*****
72695,7269*,726**,72***,7****,*****
63856,6385*,638**,63***,6****,*****
33661,3366*,336**,33***,3****,*****
30760,3076*,307**,30***,3****,*****
98850,9885*,988**,98***,9****,*****
77716,7771*,777**,77***,7****,*****
74707,7470*,747**,74***,7****,*****
36661,3666*,366**,36***,3****,*****
32325,3232*,323**,32***,3****,*****
94204,9420*,942**,94***,9****,*****
46791,4679*,467**,46***,4****,*****
86786,8678*,867**,86***,8****,*****
37486,3748*,374**,37***,3****,*****
55938,5593*,559**,55***,5****,*****
19555,1955*,195**,19***,1****,*****
12712,1271*,127**,12***,1****,*****
41094,4109*,410**,41***,4****,*****
43039,4303*,430**,43***,4****,*****
26408,2640*,264**,26***,2****,*****
40263,4026*,402**,40***,4****,*****
54407,5440*,544**,54***,5****,*****
60085,6008*,600**,60***,6****,*****
96059,9605*,960**,96***,9****,*****
22456,2245*,224**,22***,2****,*****
32252,3225*,322**,32***,3****,*****
60922,6092*,609**,60***,6****,*****
33375,3337*,333**,33***,3****,*****
21065,2106*,210**,21***,2****,*****
87917,8791*,879**,87***,8****,*****
39580,3958*,395**,39***,3****,*****
80925,8092*,809**,80***,8****,*****
24997,2499*,249**,24***,2****,*****
51944,5194*,519**,51***,5****,*****
83396,8339*,833**,83***,8****,*****
86360,8636*,863**,86***,8****,*****
23771,2377*,237**,23***,2****,*****
20113,2011*,201**,20***,2****,*****
76642,7664*,766**,76***,7****,*****
97840,9784*,978**,97***,9****,*****
85926,8592*,859**,85***,8****,*****
60336,6033*,603**,60***,6****,*****
14119,1411*,141**,14***,1****,*****
31036,3103*,310**,31***,3****,*****
20519,2051*,205**,20***,2****,*****
26674,2667*,266**,26***,2****,*****
39528,3952*,395**,39***,3****,*****
32150,3215*,321**,32***,3****,*****
64286,6428*,642**,64***,6****,*****
51339,5133*,513**,51***,5****,*****
72411,7241*,724**,72***,7****,*****
13885,1388*,138**,13***,1****,*****
76866,7686*,768**,76***,7****,*****
55402,5540*,554**,55***,5****,*****
86202,8620*,862**,86***,8****,*****
12691,1269*,126**,12***,1****,*****
96473,9647*,964**,96***,9****,*****
68599,6859*,685**,68***,6****,*****
45279,4527*,452**,45***,4****,*****
69647,6964*,696**,69***,6****,*****
13622,1362*,136**,13***,1****,*****
88171,8817*,881**,88***,8****,*****
29046,2904*,290**,29***,2****,*****
10303,1030*,103**,10***,1****,*****
36981,3698*,369**,36***,3****,*****
22710,2271*,227**,22***,2****,*****
11207,1120*,112**,11***,1****,*****
10260,1026*,102**,10***,1****,*****
27694,2769*,276**,27***,2****,*****
73995,7399*,739**,73***,7****,*****
93272,9327*,932**,93***,9****,*****
12852,1285*,128**,12***,1****,*****
45946,4594*,459**,45***,4****,*****
94961,9496*,949**,94***,9****,*****
46847,4684*,468**,46***,4****,*****
67613,6761*,676**,67***,6****,*****
90063,9006*,900**,90***,9****,*****
59307,5930*,593**,59***,5****,*****
60066,6006*,600**,60***,6****,*****
34859,3485*,348**,34***,3****,*****
74023,7402*,740**,74***,7****,*****
25645,2564*,256**,25***,2****,*****
62287,6228*,622**,62***,6****,*****
16931,1693*,169**,16***,1****,*****
17342,1734*,173**,17***,1****,*****
59263,5926*,592**,59***,5****,*****
87930,8793*,879**,87***,8****,*****
17615,1761*,176**,17***,1****,*****
43059,4305*,430**,43***,4****,*****
77617,7761*,776**,77***,7****,*****
20070,2007*,200**,20***,2****,*****
95382,9538*,953**,95***,9****,*****
33264,3326*,332**,33***,3****,*****
90712,9071*,907**,90***,9****,*****
63525,6352*,635**,63***,6****,*****
36714,3671*,367**,36***,3****,*****
52907,5290*,529**,52***,5****,*****
67790,6779*,677**,67***,6****,*****
14733,1473*,147**,14***,1****,*****
28590,2859*,285**,28***,2****,*****
88981,8898*,889**,88***,8****,*****
56941,5694*,569**,56***,5****,*****
87001,8700*,870**,87***,8****,*****
97419,9741*,974**,97***,9****,*****
97618,9761*,976**,97***,9****,*****
53869,5386*,538**,53***,5****,*****
18229,1822*,182**,18***,1****,*****
33907,3390*,339**,33***,3****,*****
31407,3140*,314**,31***,3****,*****
30142,3014*,301**,30***,3****,*****
99787,9978*,997**,99***,9****,*****
57875,5787*,578**,57***,5****,*****
85385,8538*,853**,85***,8****,*****
71184,7118*,711**,71***,7****,*****
26452,2645*,264**,26***,2****,*****
17925,1792*,179**,17***,1****,*****
50857,5085*,508**,50***,5****,*****
61124,6112*,611**,61***,6****,*****
80891,8089*,808**,80***,8****,*****
97429,9742*,974**,97***,9****,*****
87408,8740*,874**,87***,8****,*****
58375,5837*,583**,58***,5****,*****
15027,1502*,150**,15***,1****,*****
55598,5559*,555**,55***,5****,*****
70988,7098*,709**,70***,7****,*****
13033,1303*,130**,13***,1****,*****
74712,7471*,747**,74***,7****,*****
51551,5155*,515**,51***,5****,*****
80081,8008*,800**,80***,8****,*****
35084,3508*,350**,35***,3****,*****
52696,5269*,526**,52***,5****,*****
80657,8065*,806**,80***,8****,*****
17233,1723*,172**,17***,1****,*****
41774,4177*,417**,41***,4****,*****
78070,7807*,780**,78***,7****,*****
17084,1708*,170**,17***,1****,*****
51101,5110*,511**,51***,5****,*****
33552,3355*,335**,33***,3****,*****
32128,3212*,321**,32***,3****,*****
30226,3022*,302**,30***,3****,*****
22501,2250*,225**,22***,2****,*****
81568,8156*,815**,81***,8****,*****
36456,3645*,364**,36***,3****,*****
34587,3458*,345**,34***,3****,*****
36832,3683*,368**,36***,3****,*****
58035,5803*,580**,58***,5****,*****
30283,3028*,302**,30***,3****,*****
48257,4825*,482**,48***,4****,*****
28952,2895*,289**,28***,2****,*****
87952,8795*,879**,87***,8****,*****
24034,2403*,240**,24***,2****,*****
11873,1187*,118**,11***,1****,*****
89415,8941*,894**,89***,8****,*****
68305,6830*,683**,68***,6****,*****
51009,5100*,510**,51***,5****,*****
68379,6837*,683**,68***,6****,*****
37495,3749*,374**,37***,3****,*****
51880,5188*,518**,51***,5****,*****
76193,7619*,761**,76***,7****,*****
13540,1354*,135**,13***,1****,*****
94419,9441*,944**,94***,9****,*****
90527,9052*,905**,90***,9****,*****
40282,4028*,402**,40***,4****,*****
33442,3344*,334**,33***,3****,*****
56318,5631*,563**,56***,5****,*****
30625,3062*,306**,30***,3****,*****
77138,7713*,771**,77***,7****,*****
77646,7764*,776**,77***,7****,*****
81999,8199*,819**,81***,8****,*****
84956,8495*,849**,84***,8****,*****
57771,5777*,577**,57***,5****,*****
35612,3561*,356**,35***,3****,*****
59322,5932*,593**,59***,5****,*****
65402,6540*,654**,65***,6****,*****
62309,6230*,623**,62***,6****,*****
53158,5315*,531**,53***,5****,*****
81958,8195*,819**,81***,8****,*****
94668,9466*,946**,94***,9****,*****
41559,4155*,415**,41***,4****,*****
84243,8424*,842**,84***,8****,*****
99727,9972*,997**,99***,9****,*****
42666,4266*,426**,42***,4****,*****
16138,1613*,161**,16***,1****,*****
83708,8370*,837**,83***,8****,*****
16363,1636*,163**,16***,1****,*****
78024,7802*,780**,78***,7****,*****
84812,8481*,848**,84***,8****,*****
72433,7243*,724**,72***,7****,*****
26608,2660*,266**,26***,2****,*****
78491,7849*,784**,78***,7****,*****
94906,9490*,949**,94***,9****,*****
50341,5034*,503**,50***,5****,*****
17521,1752*,175**,17***,1****,*****
48358,4835*,483**,48***,4****,*****
25832,2583*,258**,25***,2****,*****
96091,9609*,960**,96***,9****,*****
38394,3839*,383**,38***,3****,*****
99546,9954*,995**,99***,9****,*****
73864,7386*,738**,73***,7****,*****
30699,3069*,306**,30***,3****,*****
49794,4979*,497**,49***,4****,*****
57301,5730*,573**,57***,5****,*****
20966,2096*,209**,20***,2****,*****
82294,8229*,822**,82***,8****,*****
43202,4320*,432**,43***,4****,*****
59185,5918*,591**,59***,5****,*****
66676,6667*,666**,66***,6****,*****
69428,6942*,694**,69***,6****,*****
28702,2870*,287**,28***,2****,*****
56165,5616*,561**,56***,5****,*****
28138,2813*,281**,28***,2****,*****
68038,6803*,680**,68***,6****,*****
67144,6714*,671**,67***,6****,*****
10689,1068*,106**,10***,1****,*****
68089,6808*,680**,68***,6****,*****
75432,7543*,754**,75***,7****,*****
45088,4508*,450**,45***,4****,*****
92661,9266*,926**,92***,9****,*****
28202,2820*,282**,28***,2****,*****
42576,4257*,425**,42***,4****,*****
32793,3279*,327**,32***,3****,*****
85198,8519*,851**,85***,8****,*****
54124,5412*,541**,54***,5****,*****
60817,6081*,608**,60***,6****,*****
21175,2117*,211**,21***,2****,*****
22417,2241*,224**,22***,2****,*****
48703,4870*,487**,48***,4****,*****
93115,9311*,931**,93***,9****,*****
87667,8766*,876**,87***,8****,*****
26137,2613*,261**,26***,2****,*****
16313,1631*,163**,16***,1****,*****
39601,3960*,396**,39***,3****,*****
45031,4503*,450**,45***,4****,*****
99001,9900*,990**,99***,9****,*****
66523,6652*,665**,66***,6****,*****
78544,7854*,785**,78***,7****,*****
89581,8958*,895**,89***,8****,*****
69092,6909*,690**,69***,6****,*****
14704,1470*,147**,14***,1****,*****
46661,4666*,466**,46***,4****,*****
48103,4810*,481**,48***,4****,*****
36137,3613*,361**,36***,3****,*****
63471,6347*,634**,63***,6****,*****
78147,7814*,781**,78***,7****,*****
52381,5238*,523**,52***,5****,*****
22064,2206*,220**,22***,2****,*****
49884,4988*,498**,49***,4****,*****
65564,6556*,655**,65***,6****,*****
64861,6486*,648**,64***,6****,*****
66281,6628*,662**,66***,6****,*****
10625,1062*,106**,10***,1****,*****
99061,9906*,990**,99***,9****,*****
71023,7102*,710**,71***,7****,*****
65421,6542*,654**,65***,6****,*****
48220,4822*,482**,48***,4****,*****
97998,9799*,979**,97***,9****,*****
41966,4196*,419**,41***,4****,*****
17786,1778*,177**,17***,1****,*****
11553,1155*,115**,11***,1****,*****
96915,9691*,969**,96***,9****,*****
43108,4310*,431**,43***,4****,*****
68711,6871*,687**,68***,6****,*****
11335,1133*,113**,11***,1****,*****
28373,2837*,283**,28***,2****,*****
11655,1165*,116**,11***,1****,*****
27368,2736*,273**,27***,2****,*****
35220,3522*,352**,35***,3****,*****
16008,1600*,160**,16***,1****,*****
25116,2511*,251**,25***,2****,*****
95175,9517*,951**,95***,9****,*****
35124,3512*,351**,35***,3****,*****
32868,3286*,328**,32***,3****,*****
15290,1529*,152**,15***,1****,*****
46681,4668*,466**,46***,4****,*****
48374,4837*,483**,48***,4****,*****
61885,6188*,618**,61***,6****,*****
77091,7709*,770**,77***,7****,*****
71691,7169*,716**,71***,7****,*****
17404,1740*,174**,17***,1****,*****
41298,4129*,412**,41***,4****,*****
95775,9577*,957**,95***,9****,*****
25936,2593*,259**,25***,2****,*****
53103,5310*,531**,53***,5****,*****
79576,7957*,795**,79***,7****,*****
16256,1625*,162**,16***,1****,*****
81733,8173*,817**,81***,8****,*****
27893,2789*,278**,27***,2****,*****
83377,8337*,833**,83***,8****,*****
80082,8008*,800**,80***,8****,*****
17097,1709*,170**,17***,1****,*****
44418,4441*,444**,44***,4****,*****
90072,9007*,900**,90***,9****,*****
16703,1670*,167**,16***,1****,*****
26751,2675*,267**,26***,2****,*****
63246,6324*,632**,63***,6****,*****
86800,8680*,868**,86***,8****,*****
31911,3191*,319**,31***,3****,*****
87774,8777*,877**,87***,8****,*****
75100,7510*,751**,75***,7****,*****
85603,8560*,856**,85***,8****,*****
64543,6454*,645**,64***,6****,*****
10464,1046*,104**,10***,1****,*****
85662,8566*,856**,85***,8****,*****
86699,8669*,866**,86***,8****,*****
98202,9820*,982**,98***,9****,*****
86650,8665*,866**,86***,8****,*****
11438,1143*,114**,11***,1****,*****
97442,9744*,974**,97***,9****,*****
36462,3646*,364**,36***,3****,*****
76327,7632*,763**,76***,7****,*****
26543,2654*,265**,26***,2****,*****
25885,2588*,258**,25***,2****,*****
13754,1375*,137**,13***,1****,*****
65729,6572*,657**,65***,6****,*****
47991,4799*,479**,47***,4****,*****
28332,2833*,283**,28***,2****,*****
73601,7360*,736**,73***,7****,*****
41952,4195*,419**,41***,4****,*****
38494,3849*,384**,38***,3****,*****
76821,7682*,768**,76***,7****,*****
65006,6500*,650**,65***,6****,*****
30121,3012*,301**,30***,3****,*****
60320,6032*,603**,60***,6****,*****
27222,2722*,272**,27***,2****,*****
14813,1481*,148**,14***,1****,*****
52788,5278*,527**,52***,5****,*****
27940,2794*,279**,27***,2****,*****
23586,2358*,235**,23***,2****,*****
79540,7954*,795**,79***,7****,*****
25495,2549*,254**,25***,2****,*****
86384,8638*,863**,86***,8****,*****
17957,1795*,179**,17***,1****,*****
64501,6450*,645**,64***,6****,*****
47212,4721*,472**,47***,4****,*****
44314,4431*,443**,44***,4****,*****
68986,6898*,689**,68***,6****,*****
87624,8762*,876**,87***,8****,*****
80182,8018*,801**,80***,8****,*****
72044,7204*,720**,72***,7****,*****
60411,6041*,604**,60***,6****,*****
24596,2459*,245**,24***,2****,*****
97088,9708*,970**,97***,9****,*****
84891,8489*,848**,84***,8****,*****
93909,9390*,939**,93***,9****,*****
43413,4341*,434**,43***,4****,*****
38362,3836*,383**,38***,3****,*****
28687,2868*,286**,28***,2****,*****
80290,8029*,802**,80***,8****,*****
38111,3811*,381**,38***,3****,*****
15275,1527*,152**,15***,1****,*****
56768,5676*,567**,56***,5****,*****
59443,5944*,594**,59***,5****,*****
90692,9069*,906**,90***,9****,*****
20836,2083*,208**,20***,2****,*****
49029,4902*,490**,49***,4****,*****
10607,1060*,106**,10***,1****,*****
39144,3914*,391**,39***,3****,*****
24847,2484*,248**,24***,2****,*****
36834,3683*,368**,36***,3****,*****
38957,3895*,389**,38***,3****,*****
92575,9257*,925**,92***,9****,*****
94998,9499*,949**,94***,9****,*****
78304,7830*,783**,78***,7****,*****
38465,3846*,384**,38***,3****,*****
25074,2507*,250**,25***,2****,*****
84764,8476*,847**,84***,8****,*****
98244,9824*,982**,98***,9****,*****
39295,3929*,392**,39***,3****,*****
22973,2297*,229**,22***,2****,*****
70607,7060*,706**,70***,7****,*****
32249,3224*,322**,32***,3****,*****
11313,1131*,113**,11***,1****,*****
98496,9849*,984**,98***,9****,*****
84526,8452*,845**,84***,8****,*****
44040,4404*,440**,44***,4****,*****
91404,9140*,914**,91***,9****,*****
37579,3757*,375**,37***,3****,*****
38123,3812*,381**,38***,3****,*****
41080,4108*,410**,41***,4****,*****
10063,1006*,100**,10***,1****,*****
18163,1816*,181**,18***,1****,*****
59588,5958*,595**,59***,5****,*****
41437,4143*,414**,41***,4****,*****
55785,5578*,557**,55***,5****,*****
68691,6869*,686**,68***,6****,*****
32546,3254*,325**,32***,3****,*****
95537,9553*,955**,95***,9****,*****
50752,5075*,507**,50***,5****,*****
75528,7552*,755**,75***,7****,*****
16725,1672*,167**,16***,1****,*****
72803,7280*,728**,72***,7****,*****
36123,3612*,361**,36***,3****,*****
43419,4341*,434**,43***,4****,*****
39036,3903*,390**,39***,3****,*****
32391,3239*,323**,32***,3****,*****
28355,2835*,283**,28***,2****,*****
42278,4227*,422**,42***,4****,*****
53924,5392*,539**,53***,5****,*****
73248,7324*,732**,73***,7****,*****
24455,2445*,244**,24***,2****,*****
39664,3966*,396**,39***,3****,*****
56431,5643*,564**,56***,5****,*****
92412,9241*,924**,92***,9****,*****
71426,7142*,714**,71***,7****,*****
68790,6879*,687**,68***,6****,*****
50005,5000*,500**,50***,5****,*****
45048,4504*,450**,45***,4****,*****
36276,3627*,362**,36***,3****,*****
23266,2326*,232**,23***,2****,*****
98090,9809*,980**,98***,9****,*****
85300,8530*,853**,85***,8****,*****
66682,6668*,666**,66***,6****,*****
64900,6490*,649**,64***,6****,*****
88189,8818*,881**,88***,8****,*****
73690,7369*,736**,73***,7****,*****
26904,2690*,269**,26***,2****,*****
21277,2127*,212**,21***,2****,*****
96331,9633*,963**,96***,9****,*****
38511,3851*,385**,38***,3****,*****
38619,3861*,386**,38***,3****,*****
12809,1280*,128**,12***,1****,*****
25730,2573*,257**,25***,2****,*****
18581,1858*,185**,18***,1****,*****
84300,8430*,843**,84***,8****,*****
72049,7204*,720**,72***,7****,*****
43041,4304*,430**,43***,4****,*****
94666,9466*,946**,94***,9****,*****
52060,5206*,520**,52***,5****,*****
45127,4512*,451**,45***,4****,*****
38521,3852*,385**,38***,3****,*****
79325,7932*,793**,79***,7****,*****
27311,2731*,273**,27***,2****,*****
80332,8033*,803**,80***,8****,*****
79390,7939*,793**,79***,7****,*****
67974,6797*,679**,67***,6****,*****
46554,4655*,465**,46***,4****,*****
22976,2297*,229**,22***,2****,*****
62118,6211*,621**,62***,6****,*****
81511,8151*,815**,81***,8****,*****
73173,7317*,731**,73***,7****,*****
95020,9502*,950**,95***,9****,*****
91992,9199*,919**,91***,9****,*****
22894,2289*,228**,22***,2****,*****
10091,1009*,100**,10***,1****,*****
56608,5660*,566**,56***,5****,*****
61388,6138*,613**,61***,6****,*****
70091,7009*,700**,70***,7****,*****
79690,7969*,796**,79***,7****,*****
42406,4240*,424**,42***,4****,*****
47364,4736*,473**,47***,4****,*****
89578,8957*,895**,89***,8****,*****
14639,1463*,146**,14***,1****,*****
46566,4656*,465**,46***,4****,*****
57311,5731*,573**,57***,5****,*****
51556,5155*,515**,51***,5****,*****
78153,7815*,781**,78***,7****,*****
43577,4357*,435**,43***,4****,*****
15733,1573*,157**,15***,1****,*****
90929,9092*,909**,90***,9****,*****
58299,5829*,582**,58***,5****,*****
37582,3758*,375**,37***,3****,*****
26598,2659*,265**,26***,2****,*****
67058,6705*,670**,67***,6****,*****
51604,5160*,516**,51***,5****,*****
82834,8283*,828**,82***,8****,*****
84666,8466*,846**,84***,8****,*****
49513,4951*,495**,49***,4****,*****
45830,4583*,458**,45***,4****,*****
54347,5434*,543**,54***,5****,*****
95816,9581*,958**,95***,9****,*****
45835,4583*,458**,45***,4****,*****
40184,4018*,401**,40***,4****,*****
53487,5348*,534**,53***,5****,*****
74441,7444*,744**,74***,7****,*****
71263,7126*,712**,71***,7****,*****
58074,5807*,580**,58***,5****,*****
96318,9631*,963**,96***,9****,*****
18308,1830*,183**,18***,1****,*****
18270,1827*,182**,18***,1****,*****
33046,3304*,330**,33***,3****,*****
98790,9879*,987**,98***,9****,*****
14756,1475*,147**,14***,1****,*****
57985,5798*,579**,57***,5****,*****
58453,5845*,584**,58***,5****,*****
92002,9200*,920**,92***,9****,*****
56688,5668*,566**,56***,5****,*****
27114,2711*,271**,27***,2****,*****
74078,7407*,740**,74***,7****,*****
96440,9644*,964**,96***,9****,*****
17476,1747*,174**,17***,1****,*****
34910,3491*,349**,34***,3****,*****
84157,8415*,841**,84***,8****,*****
10769,1076*,107**,10***,1****,*****
67464,6746*,674**,67***,6****,*****
82245,8224*,822**,82***,8****,*****
10238,1023*,102**,10***,1****,*****
47474,4747*,474**,47***,4****,*****
30983,3098*,309**,30***,3****,*****
30834,3083*,308**,30***,3****,*****
37751,3775*,377**,37***,3****,*****
87088,8708*,870**,87***,8****,*****
34630,3463*,346**,34***,3****,*****
34124,3412*,341**,34***,3****,*****
26147,2614*,261**,26***,2****,*****
60520,6052*,605**,60***,6****,*****
33919,3391*,339**,33***,3****,*****
13275,1327*,132**,13***,1****,*****
96980,9698*,969**,96***,9****,*****
69416,6941*,694**,69***,6****,*****
59302,5930*,593**,59***,5****,*****
60760,6076*,607**,60***,6****,*****
97198,9719*,971**,97***,9****,*****
85115,8511*,851**,85***,8****,*****
47185,4718*,471**,47***,4****,*****
70424,7042*,704**,70***,7****,*****
25596,2559*,255**,25***,2****,*****
68015,6801*,680**,68***,6****,*****
12797,1279*,127**,12***,1****,*****
49031,4903*,490**,49***,4****,*****
16681,1668*,166**,16***,1****,*****
31607,3160*,316**,31***,3****,*****
87660,8766*,876**,87***,8****,*****
12315,1231*,123**,12***,1****,*****
44135,4413*,441**,44***,4****,*****
55966,5596*,559**,55***,5****,*****
48314,4831*,483**,48***,4****,*****
67793,6779*,677**,67***,6****,*****
10417,1041*,104**,10***,1****,*****
53070,5307*,530**,53***,5****,*****
74554,7455*,745**,74***,7****,*****
77454,7745*,774**,77***,7****,*****
96921,9692*,969**,96***,9****,*****
23826,2382*,238**,23***,2****,*****
12351,1235*,123**,12***,1****,*****
49030,4903*,490**,49***,4****,*****
64672,6467*,646**,64***,6****,*****
40233,4023*,402**,40***,4****,*****
24544,2454*,245**,24***,2****,*****
45746,4574*,457**,45***,4****,*****
94978,9497*,949**,94***,9****,*****
71744,7174*,717**,71***,7****,*****
25166,2516*,251**,25***,2****,*****
95593,9559*,955**,95***,9****,*****
71181,7118*,711**,71***,7****,*****
88023,8802*,880**,88***,8****,*****
47373,4737*,473**,47***,4****,*****
42775,4277*,427**,42***,4****,*****
29145,2914*,291**,29***,2****,*****
68087,6808*,680**,68***,6****,*****
98067,9806*,980**,98***,9****,*****
66491,6649*,664**,66***,6****,*****
63558,6355*,635**,63***,6****,*****
61651,6165*,616**,61***,6****,*****
20768,2076*,207**,20***,2****,*****
73506,7350*,735**,73***,7****,*****
46027,4602*,460**,46***,4****,*****
16414,1641*,164**,16***,1****,*****
98220,9822*,982**,98***,9****,*****
69094,6909*,690**,69***,6****,*****
80470,8047*,804**,80***,8****,*****
13335,1333*,133**,13***,1****,*****
62692,6269*,626**,62***,6****,*****
39385,3938*,393**,39***,3****,*****
60849,6084*,608**,60***,6****,*****
67331,6733*,673**,67***,6****,*****
72360,7236*,723**,72***,7****,*****
55558,5555*,555**,55***,5****,*****
91147,9114*,911**,91***,9****,*****
51315,5131*,513**,51***,5****,*****
62217,6221*,622**,62***,6****,*****
37459,3745*,374**,37***,3****,*****
47608,4760*,476**,47***,4****,*****
90390,9039*,903**,90***,9****,*****
85516,8551*,855**,85***,8****,*****
74088,7408*,740**,74***,7****,*****
23630,2363*,236**,23***,2****,*****
67102,6710*,671**,67***,6****,*****
90956,9095*,909**,90***,9****,*****
13890,1389*,138**,13***,1****,*****
19454,1945*,194**,19***,1****,*****
26954,2695*,269**,26***,2****,*****
48363,4836*,483**,48***,4****,*****
12043,1204*,120**,12***,1****,*****
94781,9478*,947**,94***,9****,*****
70788,7078*,707**,70***,7****,*****
91796,9179*,917**,91***,9****,*****
18286,1828*,182**,18***,1****,*****
60490,6049*,604**,60***,6****,*****
98844,9884*,988**,98***,9****,*****
38426,3842*,384**,38***,3****,*****
11534,1153*,115**,11***,1****,*****
57456,5745*,574**,57***,5****,*****
61419,6141*,614**,61***,6****,*****
84787,8478*,847**,84***,8****,*****
63112,6311*,631**,63***,6****,*****
19865,1986*,198**,19***,1****,*****
72003,7200*,720**,72***,7****,*****
81826,8182*,818**,81***,8****,*****
19187,1918*,191**,19***,1****,*****
81364,8136*,813**,81***,8****,*****
48190,4819*,481**,48***,4****,*****
48837,4883*,488**,48***,4****,*****
90841,9084*,908**,90***,9****,*****
20767,2076*,207**,20***,2****,*****
66750,6675*,667**,66***,6****,*****
49449,4944*,494**,49***,4****,*****
87478,8747*,874**,87***,8****,*****
39718,3971*,397**,39***,3****,*****
59529,5952*,595**,59***,5****,*****
23024,2302*,230**,23***,2****,*****
73405,7340*,734**,73***,7****,*****
10755,1075*,107**,10***,1****,*****
37154,3715*,371**,37***,3****,*****
71597,7159*,715**,71***,7****,*****
40189,4018*,401**,40***,4****,*****
81934,8193*,819**,81***,8****,*****
91317,9131*,913**,91***,9****,*****
95047,9504*,950**,95***,9****,*****
43309,4330*,433**,43***,4****,*****
77068,7706*,770**,77***,7****,*****
94437,9443*,944**,94***,9****,*****
92047,9204*,920**,92***,9****,*****
43242,4324*,432**,43***,4****,*****
17229,1722*,172**,17***,1****,*****
63009,6300*,630**,63***,6****,*****
93274,9327*,932**,93***,9****,*****
10832,1083*,108**,10***,1****,*****
13148,1314*,131**,13***,1****,*****
39704,3970*,397**,39***,3****,*****
